python开发工程师,知春路,2天前发布,天眼查,15k-25k,15k-25k 经验不限 / 本科,
Python开发工程师,西三旗,08:41发布,鲨鱼记账,15k-25k,15k-25k 经验1-3年 / 本科,
python开发工程师（安全方向）,大望路,2天前发布,罗辑思维,25k-50k,25k-50k 经验3-5年 / 本科,
Python开发工程师,海淀区,1天前发布,百度视频,15k-25k,15k-25k 经验1-3年 / 本科,
高级python开发工程师,海淀区,2019-05-21,旷视MEGVII,25k-50k,25k-50k 经验1-3年 / 本科,
Python开发工程师,海淀区,2天前发布,中电太极（集团）有限公司,15k-30k,15k-30k 经验3-5年 / 本科,
python,中关村,1天前发布,绘云天,10k-15k,10k-15k 经验1-3年 / 本科,
Python开发工程师,北航,2天前发布,网宿科技,15k-25k,15k-25k 经验不限 / 本科,
Python中级工程师,甜水园,2天前发布,ZingFront智线,15k-25k,15k-25k 经验3-5年 / 本科,
高级python开发工程师,东城区,2019-05-27,国研网,22k-27k,22k-27k 经验3-5年 / 硕士,
python讲师（少儿编程） (MJ004699),东城区,2019-05-28,达内集团,9k-11k,9k-11k 经验不限 / 本科,
Python/Tensorflow工程师,百子湾,2天前发布,天麦,15k-20k,15k-20k 经验1-3年 / 本科,
python,西北旺,1天前发布,海豚财金,15k-20k,15k-20k 经验3-5年 / 本科,
python,白石桥,1天前发布,沃克斯,9k-12k,9k-12k 经验1-3年 / 大专,
python开发工程师,潘家园,2天前发布,LinkSteady,15k-25k,15k-25k 经验1-3年 / 本科,
Python后端开发工程师,中关村,2019-05-28,旷视MEGVII,25k-50k,25k-50k 经验3-5年 / 本科,
高级Python工程师,甜水园,2天前发布,ZingFront智线,15k-25k,15k-25k 经验3-5年 / 本科,
Python高级技术经理/技术总监,望京,1天前发布,黑尾互动,25k-40k,25k-40k 经验3-5年 / 本科,
python( 系统问题共建 ),西二旗,2天前发布,智蓝,10k-15k,10k-15k 经验3-5年 / 本科,
python实习生,西北旺,3天前发布,Flow++,3k-5k,3k-5k 经验应届毕业生 / 硕士,
python工程师,亦庄,15:49发布,生仝智能,14k-20k,14k-20k 经验不限 / 硕士,
11215N-Python开发工程师,朝阳区,00:00发布,平安科技,15k-30k,15k-30k 经验3-5年 / 本科,
Python,北京大学,1天前发布,灵雀云,13k-25k,13k-25k 经验不限 / 本科,
高级python开发工程师,中关村,1天前发布,达观数据,20k-30k,20k-30k 经验3-5年 / 本科,
python开发工程师（广告系统）,奥运村,1天前发布,流体网络,20k-40k,20k-40k 经验3-5年 / 不限,
Python开发工程师,海淀区,1天前发布,合心科技,20k-35k,20k-35k 经验1-3年 / 本科,
python开发工程师,西北旺,1天前发布,青藤云安全,15k-25k,15k-25k 经验3-5年 / 本科,
python开发工程师,海淀区,1天前发布,微步在线,15k-30k,15k-30k 经验1-3年 / 本科,
Python开发工程师,朝阳区,2019-05-28,中电广通,10k-20k,10k-20k 经验3-5年 / 本科,
python开发工程师,西山,1天前发布,南京优玛软件科技有限公司,12k-16k,12k-16k 经验3-5年 / 本科,
高级Java/PHP/Python工程师,甜水园,2天前发布,ZingFront智线,15k-25k,15k-25k 经验3-5年 / 本科,
python高级后端工程师,北京大学,2019-05-21,旷视MEGVII,25k-50k,25k-50k 经验5-10年 / 本科,
python开发工程师,朝阳区,2019-05-28,流体网络,15k-30k,15k-30k 经验3-5年 / 本科,
Python研发工程师,朝外,1天前发布,逍遥志科技,18k-25k,18k-25k 经验3-5年 / 本科,
python开发工程师,魏公村,10:48发布,金证优智,15k-25k,15k-25k 经验3-5年 / 本科,
Python开发工程师,西北旺,1天前发布,Aibee,20k-40k,20k-40k 经验3-5年 / 本科,
python开发工程师,酒仙桥,1天前发布,奇虎360金融,20k-30k,20k-30k 经验5-10年 / 本科,
Python开发工程师,海淀区,1天前发布,下厨房,15k-25k,15k-25k 经验1-3年 / 本科,
python开发工程师,立水桥,3天前发布,58到家,15k-30k,15k-30k 经验3-5年 / 本科,
Python,知春路,1天前发布,明日虫洞,15k-30k,15k-30k 经验1-3年 / 本科,
Python开发工程师（爬虫）,小关,1天前发布,博派通达,12k-20k,12k-20k 经验1-3年 / 大专,
Python开发,海淀区,1天前发布,北京智胜新格科技有限...,15k-30k,15k-30k 经验1-3年 / 本科,
Python开发工程师 (MJ000056),望京,2天前发布,柔持英语,25k-35k,25k-35k 经验5-10年 / 本科,
python开发,窦店,2天前发布,INNFOS,12k-23k,12k-23k 经验1-3年 / 本科,
python开发工程师,望京,1天前发布,优维科技,11k-20k,11k-20k 经验1-3年 / 本科,
Python 中级工程师,甜水园,1天前发布,ZingFront智线,10k-18k,10k-18k 经验1-3年 / 本科,
Python平台开发,北京大学,2019-05-27,旷视MEGVII,24k-40k,24k-40k 经验不限 / 本科,
Python开发工程师,航天桥,2019-05-28,悦慧康,12k-24k,12k-24k 经验1-3年 / 本科,
python 开发工程师,小关,1天前发布,博派通达,15k-30k,15k-30k 经验1-3年 / 大专,
python开发工程师,朝阳区,2天前发布,十牛科技,10k-20k,10k-20k 经验1-3年 / 大专,
python开发工程师,北京大学,1天前发布,好未来,17k-30k,17k-30k 经验3-5年 / 不限,
python开发工程师,亮马桥,1天前发布,摩尔妈妈,15k-25k,15k-25k 经验1-3年 / 本科,
python开发工程师,中关村,1天前发布,达观数据,10k-18k,10k-18k 经验1-3年 / 本科,
Python工程师,月坛,2天前发布,维恩贝特,8k-16k,8k-16k 经验不限 / 本科,
python开发工程师,学院路,2天前发布,慧安金科,25k-45k,25k-45k 经验3-5年 / 本科,
python开发工程师,望京,2019-05-27,钱方好近,13k-26k,13k-26k 经验3-5年 / 本科,
python开发工程师,中关村,1天前发布,币信,18k-35k,18k-35k 经验3-5年 / 本科,
中级Python开发工程师（AK）,大望路,1天前发布,乐飞天下,15k-25k,15k-25k 经验3-5年 / 大专,
python开发工程师,望京,2019-05-28,币世界,17k-34k,17k-34k 经验3-5年 / 本科,
高级Python研发工程师,朝阳区,1天前发布,掌阅,22k-35k,22k-35k 经验3-5年 / 本科,
Python中高级开发工程师,大望路,1天前发布,乐飞天下,15k-30k,15k-30k 经验5-10年 / 大专,
高级python开发工程师,朝阳区,1天前发布,V8实拍,25k-50k,25k-50k 经验3-5年 / 本科,
Django研发工程师,大屯,2019-05-27,爱特曼科技,15k-25k,15k-25k 经验1-3年 / 本科,
python开发工程师,中关村,2019-05-23,搜狐集团,20k-30k,20k-30k 经验3-5年 / 本科,
python开发工程师,四季青,2天前发布,中科物安,15k-25k,15k-25k 经验3-5年 / 本科,
python开发工程师,东大桥,1天前发布,FlashTrip,15k-30k,15k-30k 经验1-3年 / 本科,
PYTHON开发工程师 (MJ000126),学院路,2天前发布,阿博茨科技,15k-25k,15k-25k 经验1-3年 / 本科,
Python工程师,三元桥,2天前发布,亿欧,15k-25k,15k-25k 经验3-5年 / 本科,
python开发工程师,东直门,2019-05-27,影谱科技,15k-30k,15k-30k 经验3-5年 / 本科,
python开发工程师,北京大学,2天前发布,香侬科技,15k-20k,15k-20k 经验1-3年 / 本科,
python,北苑,2019-05-24,狸米科技,20k-30k,20k-30k 经验3-5年 / 本科,
Python中级开发工程师,西北旺,2019-05-27,真融宝,20k-25k,20k-25k 经验不限 / 本科,
python研发工程师,海淀区,2019-05-14,云孚科技,8k-16k,8k-16k 经验不限 / 本科,
中级python开发工程师,亮马桥,1天前发布,北京超盟数据科技有限公司,15k-25k,15k-25k 经验3-5年 / 本科,
高级python开发工程师,四惠,1天前发布,推想科技,20k-40k,20k-40k 经验5-10年 / 本科,
